job_title,recruiter,job_date,work_type,job_desc
,,,,
Data Scientist | Ingenious & Intelligence product company,Data Talent Pty Ltd,31 Dec 2018,Full Time,"A unique opportunity to join an Ingenious & Intelligence product company who are developing a unique disruptive tech product across Australia.,Our exclusive Client is looking to hire a Data Engineer / Scientist that will help them discover the information hidden in vast amounts of data, and help them make smarter decisions to deliver even better products. The primary focus will be on applying data mining techniques, doing statistical analysis, and building high-quality prediction systems integrated with their products.  , , ,Bachelors in Mathematics, Statistics with a Computer Science focus Preferred; Master's or PHD in Data Science, Machine Learning or related and or with 2-3 years related commercial/enterprise work experience., ,Work closely with the product and development organisation and teams, lead the integration of predictive modeling, machine learning and artificial intelligence approaches, time series forecasting, text analytics, etc. into data architecture, intellectual property, and products., ,Commercial experience with the Python ecosystem. You will have contributed and collaborated in the delivery insights and analytics products., ,Experience in an early stage entrepreneurial environment, willingness to play a versatile role in a small team coupled with a desire to help build an innovative analytics project team. , ,Excellent verbal & written communications skills. Interpersonal/facilitation skills necessary to interface with and influence all levels of the organisation., ,Fully understands and interprets predictive analytics techniques and inductive statistical analysis to predict outcomes and behaviours., ,High-level knowledge of current and emerging technologies to create machine intelligence models. The successful candidate must stay current to the state of the art by reading, understanding, and applying the ideas, techniques, algorithms, and results expressed in recently-published articles and papers., , ,If you have made a positive commitment to further your career and you possess the above attributes then please apply to this role, if you require further information on this then please contact ,DATA TALENT on ,1300 763 895, for a confidential chat.    ,Data Talent is exclusively focused on Data Engineering, Insights Analytics Recruitment across Australia. We are committed to your personal and professional career development."
Expression of Interest - Data Scientist,Araza,5 Dec 2018,Contract/Temp," We are seeking expressions of interest from experienced Data Scientist which is expected soon.,  , To be successful in this role, we are looking for someone who can lead analytical experiments in the Analytics Hub and has strong leadership in their approach and ability to influence the stakeholders by interpreting problems.,  , Some of the key technical areas of expertise required for the role:, , ,- AWS Cloud Technology, ,- SAS Visual Analytics, ,- Teradata /Hadoop, ,- Sentiment Analysis/Text Mining, ,- SQL MapReduce/SQL using Oracle., ,- Python Language, ,- Predictive Modelling and Feature Engineering, ,- Machine Learning/Algorithms, , , ,If this sounds interesting to you, please reach out to ,nallini.nair@araza.com.au, or call on ,0422 982 017, and I will come back to you as soon as possible., , ,ABOUT US,Araza is a leading Australian based consulting and services organisation.  We partner with our clients to improve their business performance through the implementation and delivery of business and technology projects.,Our clients are some of Australia's largest organisations and Government departments, including the education, technology, insurance, telecommunications, transport, banking and professional services sectors.,With more than 250 consultants in Melbourne, Sydney and Brisbane (and counting), we're proud to be a consulting firm that is growing fast and yet still in touch with our values. We have aligned the entire organisation around this one mission: Doing great things for the client, for the consultant, for the company and each other.,This is a great opportunity to further your career with a dedicated and committed company. ,Looking forward to hearing from all the talented people out there."
Data Scientist,FrontierSI,12 Dec 2018,Full Time,"Position summary, ,FrontierSI (formerly the CRC for Spatial Information), is a not-for-profit applied research and innovation centre focused on spatial and spatial-related software and data projects. We lead our partners through the research, development and innovation process, minimising the risks while maximising the benefits. Together we ask the right questions, deliver excellent research and collaborate for success. FrontierSI is an equal opportunity employer. We celebrate diversity and are committed to creating an inclusive environment for all employees.,  ,This position is for you if you are a curious, collaborative and forward-thinking data scientist. You are focused on improving the use and accessibility of complex data management and analysis. You are happy solving interesting problems and communicating results to a wide audience. You may even be passionate about space and space technologies.,  ,Our research and innovation investments cover:, , ,Positioning and Applied Geodesy with the aim of improving location., ,Spatial Infrastructures focussing on growing data accessibility and improving service delivery., ,Rapid Spatial Analytics with the goal of generating answers through automation., ,We formulate and deliver solutions by using our tried and tested approach. For 15 years we have been leading the pack and have built an environment of trust, collaboration and research excellence to deliver outstanding results for our national and international partners.,  ,We have a position available for a Data Scientist with a particular focus on Python-based data science and software. We have a number of projects running currently, including a collaboration with NASA, CSIRO, USGS and Geoscience Australia on the Open Data Cube (ODC), which is a tool that facilitates working with vast quantities of earth observation (EO) data. In addition to work on Jupyter notebooks exploring satellite and other EO data, there’s an opportunity to collaborate on other open source software in the ODC family of projects.,  ,This is an exciting role, providing the opportunity to work in the space industry and involves interacting with users and other developers from around the world. It’s an opportunity to work with new tools, and to have a significant impact on the way we work with remote sensing data. There will also be other short-term projects that arise from time-to-time to keep things interesting.,  ,You should be focused, independent and a good communicator. You should also be a great colleague who is comfortable producing written reports and providing oral presentations.,  ,Selection Criteria, ,Essential, , ,Conceptual, analytical, and problem-solving skills., ,Experience using data science environments such as Jupyter., ,Ability to translate technical requirements into detailed task descriptions., ,Extensive experience with the Python programming language., ,Knowledge and experience with version control and associated processes., ,Effective time management, organisational skills and ability to work efficiently to tight deadlines., ,Ability to work both independently and in a team environment., ,Desirable, , ,At least two years’ experience writing production code., ,Experience with JavaScript, Bash and/or other similar programming and scripting languages., ,A computer science or equivalent degree and/or other relevant industry experience., ,Experience working in the spatial industry., , ,  ,Duties and responsibilities, ,As FrontierSI has a small management team most people perform several activities within their role. This position is no exception. The Data Scientist role is comprised of:, , ,Data science, ,Software development, ,Partner engagement, ,Data Science,  ,As a passionate data scientist, you will:, , ,Undertake exploratory data analysis., ,Develop exemplar Jupyter notebooks., ,Interact with partners to ensure that their needs are being met., ,Work in an agile way, whilst delivering solid code examples., ,Maintain and contribute to public Git repositories., ,Communicate with technical and non-technical users., ,Document and communicate code and related systems., ,Software development,  ,Furthering your existing development skills, you will:, , ,Undertake improvements to software projects as required., ,Assist other users of the software in their use., ,Ensure code is tested and adheres to code quality and style guide standards., ,Document projects for users and developers., ,Partner engagement,  ,As a clear communicator, you will, , ,Liaise with external partners., ,Gather requirements to implement use-case demonstrators for key application domains such as agriculture, mining and finance., ,Participate in conferences, symposia and workshops., ,Other, , ,Perform other tasks as requested by the Chief Commercial Officer, Partner Services Manager, and Technical Delivery Manager., ,Applicants should have work rights in Australia., , ,  ,To Apply, ,Please send a cover letter addressing the selection criteria for the role contained in this Position Description as well as a copy of your resume. Please email applications to Alex Leith, ,aleith@frontiersi.com.au,. Closing date for application is 18 January 2018."
Data Scientist - Python Algorithm Design,Evolution Specialists,11 Dec 2018,Contract/Temp,"Data Scientist - Algorithm Design , , ,AI & IoT Greenfield project, ,Python development for AI, ,Agriculture Sciences, ,Melbourne CBD,  ,Experienced Data Scientist is required to join data analytics team to develop Artificial Intelligence (AI) algorithms using Python for a Proof Of Concept (POC) design.,  ,If you can demonstrate all of the following essential capabilities and a range of the desirable capabilities we would like to hear from you.,  ,Essential Capabilities, , ,Data Science experienced, ,Proven experience in the design of AI algorithms using Python, ,Solid background in Cloud technologies - AWS, ,Strong project experience in the areas of AI and Machine Learning, ,Strong background with Design Patterns and a focus on reusing components and code, ,Highly Desirable Capabilities, , ,Previous experience with Agriculture Sciences is highly preferred, ,Mathematics and Statistics understanding, ,Ability to interact, communicate and present to senior executive team, ,Outstanding relationship building and stakeholder influencing skills, ,About us,  ,We represent a high-end boutique consultancy that helps ASX listed top 200 organisations plan and execute business changes, manage portfolios and deliver projects. We achieve this using our 300 top-caliber consultants, we also provide recognised solutions and services both nationally and internationally. Our clients expect the best from us, and our culture reflects the same. Our team is professional, conscientious, fun, and enjoys the dynamic, fast-paced world of change and delivery! ,  ,If you'd like more information about this fantastic opportunity, please email us at engagements@evolutionspecialists.com.au."
Data Scientist,Michael Page Technology,11 Dec 2018,Full Time,"Seeking a commercially minded Data Scientist to assist with the further development of a successful start up business.,Client Details,Work for a successful start-up with proven high growth. Based in Utilities retail, this business is looking to develop a market leading strategy for consumer engagement, use, and attrition rates. Work across the business to ensure that the right structure and support is set up to enable for long term data science success., , ,Description,Work with a number of business stakeholders to contribute to the overall decentralisisation of its analytics function for wider business use and developement,Create and assist with complex Data Science practices in order to gain competitive edge from a sales and consumer engagement perspective,Be part of the larger shaping of a Data Analytics strategy that will set up a long term business enablement strategy., ,Profile,At least 18 years experience in a commercial data science role.,Experience with open source modelling technologies i.e. Python, R,The ability to translate sales data into complex forecast and predictive modelling.,Advantageous to have commercial propensity, churn sales models,Experience working with Data Engineers and Analysts,Excellent communication skills, ,Job Offer,Work for a proven start-up organisation that has experienced leadership in the start-up field, and is looking to grow to a mid-large organisation size in the near future. This role will appeal to those who truly want to be apart of the development and shaping of a data capability., ,To apply online please click the 'Apply' button below. For a confidential discussion about this role please contact Tim Dillon on ,+61 3 9607 5628,."
Data Scientist,,18 Dec 2018,Full Time,"About us:,
,Sportsbet is Australia’s leading online wagering company. We're part of a global company, a big player with a start-up soul. The pace of change is exhilarating, we’re constantly innovating to bring excitement to life for our customers and our people.,
,Perks: ,
,
,Free brekky, discounted Myki & gym memberships, loads of event & conference tickets,
,Tailored career development programs, as well as a commitment to developing Thought Leader and Specialist Talent programs,
,Best in class Parental Leave program with six months paid leave for Primary Carers,
,5 weeks’ annual leave,
,Company bonus,
,
,Your Mission…,
,In the Data Products team we believe in using Statistics & Machine Learning to provide better experiences for our customers. We work with business stakeholders & engineers to innovate and develop algorithms & systems that improve business processes, deliver exciting betting products, help us better understand customers, and create exciting, personalised experiences for them.,
,We are looking for Data Scientists across our Data Science and Quants teams to bring our data product development capability to the next level.,
,Examples of problems you will solve include real-time recommender systems and pricing models, predictive models that work for individual customers, large-scale decision supporting systems, and any other cool & valuable ideas you can propose!,
,Technical skills & personal attributes: ,
,
,Strong knowledge of Machine Learning, algorithms, statistics, optimisations,
,Previous commercial experience in Machine Learning/Data Science,
,Formal education/training or work experience with advanced analytics techniques, such as Deep Learning,
,Proficient in Python, R or similar statistical programming languages,
,Competencies with one or more AWS cloud technologies highly preferred,
,Skills in Data engineering and/or Software engineering are a definite plus,
,Microsoft .net framework is a bonus for the roles in the Quants team, as is a deep knowledge of the drivers of different sports,
,Passion for problem solving & research,
,Be a team player, agile, and not afraid to thrive in a dynamic & challenging environment  ,
,
,If this sounds like you, hit Apply now to be considered for this role!,
,At Sportsbet, we take Responsible Gambling very seriously. Check out the tools & information we provide our customers to help manage their gambling on our dedicated site ,here"
Business Analyst/Data Scientist,DKSH Australia Pty Ltd,7 Dec 2018,Full Time,"Do you like to make a real difference, find the missing piece in the puzzle and are always on the look-out for how to do something better?, ,Due to an internal promotion, DKSH has an exciting opportunity for a highly motivated, enthusiastic and team orientated Business Analyst to develop and provide business information and proactive analytics of various business measurements across all areas of the organisation., ,The Business Analyst will be part of a small team of finance professionals who are passionate about what they do and the service they deliver to the business. In this role you will work closely with multiple stakeholders in the business to ensure operational needs are met., ,What will a typical day will look like:, , ,Supporting month end processes including reconciliations and reporting, ,Calculating commission and bonus payments., ,Ensure the sales database for our business units are updated and relevant, complete reporting using SalesForce.com, ,Updating and improving all pricing and customer care pricing tools, ,Data-base cleansing, ,Analyze and verifying third party accounts, ,Prepare customer and client P&Ls, ,To ensure your success in this role you will:, , ,Be a wizz in Excel, ,Have extensive experience using SAP & reporting tools, ,Thrive on gathering data from multiple sources and compiling it into a complete report, ,Love the challenge of analysing data and the satisfaction if gives you when it adds value, ,Be qualified or working towards your CPA, ,Have an accounting degree, ideally with a computer science background, ,Have strong experience in working across multiple databases, ,What’s in it for you:, , ,You will be joining a large global organization, ,You will be part of a close-knit team who are all highly supportive of each other and are all passionate about what they do, ,You will be challenged by the business complexities whilst being supported by the Finance Director, ,Opportunities to grow, learn and develop, ,If you are as passionate as we are about providing outstanding support to our business and key stakeholders, then please send your application via the below link."
Data Scientist,,18 Dec 2018,Full Time,"Opportunity for growth and development,Be an integral part of the business,Be part of a collaborative Team,About The Role,Role Location: 833 Collins Street, Docklands VIC 3008, ,Role Type: Full-Time Permanent, ,Looking for a specialist Data Scientist that will help us deliver production level insight apps for our Institutional business operations. The role involves discovering and building data insights hidden in vast amounts of internal transactional and unstructured text data, and help bank and its customers make smarter decisions about their business and product offerings. Primary focus will be applying text data mining and analytics techniques, mentoring junior data scientists, applying and implementing statistical analysis into decision making, and building high quality automated and semi-automated prediction systems integrated with our products and services., ,About You,To grow and be successful in this role, you will ideally bring the following:, ,Full-stack web application development with Microsoft .NET MVC and React JS (2 or more years working experience),Using APIs and similar services (preferred experience with Google Natural Language and related APIs),Experience in the financial services sector working with banking data, in a secure and regulated environment.,Achieved Masters / PhD level,Deploying scalable, containerised applications on a cloud platform (Docker, Kubernetes, etc.) and using cloud IAAS and PAAS.,Applying state-of-the art Natural Language Processing and Text Analytics techniques (e.g. topic modelling, named entity recognition, information extraction) at scale on very large data sets.,Processing, cleansing, validating and verifying the integrity of data used for analysis. Finding insights and overlaying facts. Building machine learning models at scale and creating internal IP of analytics in banking services., ,About ANZ,At ANZ, everything we do boils down to ‘why’ – our purpose – to shape a world where people and communities thrive. We're just as focused on seeing our people thrive as well as our customers. We'll give you every opportunity to develop your career. , ,We are responding faster to changing customer requirements, focusing on the things that matter the most, energising our people, eliminating waste and reducing bureaucracy. , ,A happy workplace is a thriving one. So in order to attract and keep the best talent, and say thanks for the hard work, we make sure all our employees are rewarded., , ,ANZ recognises the value of an inclusive and diverse work environment. We take pride in the diversity of our people and encourage applications from diverse candidates. Our recruitment decisions are based on the key inherent needs and requirements of each role, and candidates are selected based on their unique strengths and characteristics., , ,We work flexibly at ANZ. Talk to us and let us know how this role can be flexible for you.,  , ,To find out more about working at ANZ or to view other opportunities visit www.anz.com/careers. You may apply for this role by visiting ANZ Careers and search for reference number ,AUS093743,.,  ,

"
Senior Data Scientist,Bluefin Resources Pty Limited,19 Dec 2018,Full Time,"One of Melbourne's leading and iconic establishments is currently seeking an experienced Senior Data Scientist to join in a new role as part of their exciting and innovative project. This will be an opportunity to apply advanced machine learning models with respect to Big Data and Real-Time analytics. , ,Reporting to the Head of Data Science-Digital, the successful applicant will have a wealth of knowledge across the current trends and data science technologies which can help transform a data strategy as part of a digital project. , ,We are looking for someone who is passionate about data science and its impact on key stakeholders and is looking to be part of a friendly, supportive and collaborative team. , ,Your key responsibilities will include:,Develop and implement predictive models and optimization algorithms that create business value,Work closely with key stakeholders to gather key requirements and offer consultative recommendations,Leverage state-of-the-art data mining and machine learning tools and methodologies to drive improved business decisions,Oversee the full end-to-end data science project cycle,Collaborate with cross-functioning teams, ,Skills required:,Tertiary Qualification/Ph.D. in a quantitative discipline - mathematics, statistics, operation research,Advanced experience using statistical computer language (R, Python, SQL, etc.),Proven experience applying Machine Learning techniques ,Ability to interact proactively with internal and external customers,Big Data platform experience (Hadoop, Spark, etc.),Proven experience working with cloud frameworks (AWS, MS Azure, etc.), ,This opportunity will allow you to be a Data Science expert possessing a wide knowledge of tools used in Data Science/Big Data for developing models and discovering information hidden within the vast amount of data., ,If you would like to be considered for this role please click 'apply' or contact Corrin on ,03 8330 5003, for more details.,IMPORTANT: By submitting your email address and any other personal information when you APPLY to a job, you consent to such information being collected, held, used and disclosed in accordance with our COLLECTIONS NOTICE and PRIVACY POLICY.,http://www.bluefinresources.com.au/privacy-policy"
Data Scientist,,19 Dec 2018,Full Time,"Who are we, , We are a tech company that exists to make business life easier. Our team is continually growing, inventing and disrupting conventions. We believe businesses can do amazing things, and it's our job to help them. This is MYOB., ,You’ll be part of a Platform Delivery team responsible for building innovative products that help businesses become more successful. With the latest tech at our disposal and an agile mindset, we’re empowered to experiment, play and really make a difference. Are you ready to go boldly?, , ,Do you want work in a place where:,Your superstar SQL skills, your mastery of MapReduce and your mighty Machine Learning knowledge is put to great use on innovative projects with fascinating datasets?,You have the opportunity to work at the forefront of a fast-changing industry?,Your data know-how enables colleagues from across the organisation to deliver their best?,Your work is immediately visible to a large customer base and your innovation helps us build products that improves the success of thousands of businesses daily?,You can relish in understanding complex business requirements and translating them into pioneering, structured data-driven projects that will be delivered using the latest cloud-based technologies?,Then read on…, , ,What will you be doing in this role?, , In this role, you will be working with your team to design and develop new data-driven products to support the role of accountancy and its relationships with thousands of businesses. You will be utilising state of the art technologies, working closely with your team to understand and communicate the value of data in helping MYOB build and market industry-leading financial platforms. Our team strive to continuously improve our processes and practices and achieve this through continuous experimentation., , ,What do you need to be considered?,You are a passionate practitioner of data science with experience in handling diverse and distributed datasets using the current generation of analytical toolkits,An advocate of best practices in user testing, experimental design and creating clean and reproducible analytic outputs,You ideally have a Masters or PhD in a relevant discipline, or industry experience on relevant projects,You can clearly communicate and visualise complex data to stakeholders with varying levels of analytics experience,You are comfortable with technologies including AWS, Web analytics, SQL, Python/Jupyter and techniques including supervised machine learning, clustering, timeseries analysis and anomaly detection,You get stuff done and you do it with quality,You do not fear failure because it is inevitable, you learn from it and it makes you stronger,Your work influences and inspires others,You ask for help and help when asked,Love to learn! Read books and blogs, try new things in technology,Lastly, you want to work in a positive environment, grow yourself and work within a team.,If you want to work and collaborate where opinions are valued, and your ideas can make a difference, you should work at MYOB. We look forward to meeting you., , ,We are an equal opportunity employer and value diversity at our company., , ,The office is closed from Friday 21st December 2018 until 2nd of January 2019 - your application will be reviewed in the New Year. Happy Holidays!"
Senior Data Scientist (Machine Learning Engineer),Bluefin Resources Pty Limited,20 Dec 2018,Full Time,"An exciting opportunity has opened up with a globally renowned management consultancy who is known to be highly innovative, delivering world-class solutions for key clients across a broad spectrum of projects in different industries.,This is a great opportunity to blend your previous skills and experience in Software Engineering and current knowledge of Machine Learning/Artificial Intelligence, to build world-class models by investigating key problems and delivering scalable code that can be put into production.,The Position:,Experiment with machine learning, deep learning, academic research and new data sources to enhance the machine learning capability,Lead data science initiatives through iterative experimentation, prototyping, development, and productization,Produce high-quality code in collaboration with cross-functional teams such as Data Scientists, Data Architects and Software Engineers.,Review and improve code into reusable libraries, APIs and tools.,Produce scalable and product-ready code,Be part of the journey to shape the evolution of products,Domestic travel within Australia will be required,Skills Required,MSc or PhD in Computer Science, Statistics, Computational Mathematics, or a related field,Extensive background in Machine Learning, Deep Learning and Statistics,Solid hands-on skills in sourcing, cleaning, manipulating, analyzing, visualizing and modeling of data.,Experience in Software Engineering will be highly regarded,Strong programming skills and use of machine learning libraries in Python and/or R,Solid knowledge of Big Data technologies,Experience in productization of machine learning algorithms,Experience in consulting senior stakeholders,Must be able to travel from time to time,If you're passionate about Machine Learning/Artificial Intelligence, Big Data, Analytics and Data Science to help a range of industries move forward in the world of Machine Learning and would like to be considered, please click 'apply' or contact Corrin on ,8330 5003, for more details.,IMPORTANT: By submitting your email address and any other personal information when you APPLY to a job, you consent to such information being collected, held, used and disclosed in accordance with our COLLECTIONS NOTICE and PRIVACY POLICY.,http://www.bluefinresources.com.au/privacy-policy"
Data Scientist,Peoplebank Australia ACT,20 Dec 2018,Contract/Temp,"Our ,Canberra-based Federal Government Client, is seeking the expertise of a skilled and detail-oriented ,Data Scientist, for an urgent contract role in Canberra. This is an initial engagement until June 2019, with 2 x 6-month extension options and is working from Canberra’s CBD.,Within this role you will be working on an ground-breaking project utilising cutting-edge technology to provide actionable insights, innovative strategies and tailored solutions for the department's business areas., ,You will be responsible for:,Developing machine learning models for the analysis of structured and unstructured data.,Working with business areas to solve problems by understanding their needs, the data and systems to produce machine learning models.,Act as data science subject matter expert and collaborate with business areas, partners and stakeholders in the development and delivery of other artificial intelligence projects.,Contributing to the development of a data science framework and practice in the department including providing advice on the tools and infrastructure require to establish and maintain a data science lab at the department., ,To be successful in this role you will possess:,5+ years experience developing data science solutions with demonstrated experience with various machine learning algorithms and workflows.,Advanced skills in R of Python including expert level understanding of relevant ML packages and libraries,Good project management skills with the ability to manage project resources and risks.,Well developed communication skills with the ability to explain technical data science concepts to stakeholders from non-technical backgrounds.,Deep understanding and knowledge of contemporary approaches used in the fields of machine learning and natural language processing.,Due to security clearance requirements for this role, candidates must be Australian Citizens who currently hold or are able to gain Federal Government security clearances to apply.,To progress with this opportunity, or to find out more about the role, please reach out to Syed Hasnain on ,02 6245 1703, Job Reference: ,190978,Please note: only candidates that meet the above criteria will be contacted."
Data Scientist,,20 Dec 2018,Full Time,"GJ Coles opened the first Coles store 104 years ago in Collingwood with a simple purpose: To give customers the best value, products and service. Our vision is to make life easier for Australians by delivering quality, value and service to the 21 million customers who shop with us each week.,
,About Digital:,
,The Digital Group is a team focussed on enabling the business to operate at its peak and respond with agility to an ever-changing environment allowing us to better serve our customers. To achieve this, the team continuously assesses how the business can benefit from applying the latest technologies available or how to use established technologies in innovative ways.,
,The Digital team supports over 2,500 retail stores and 115,000 team members. We are a unique group comprised of specialists across engineering, infrastructure, data science & analytics, solution design, human centred design, development and project/program management (among many others).  ,
,About the Team:,
,As part of the broader Strategy and Architecture team the Advanced Analytics group plays a key part in achieving data driven decision making in Coles through the application of statistics, machine learning, predictive modelling and optimisation algorithms.,
,Advanced Analytics touch all of the key elements of the value chain for a bricks-and-mortar and online retailer and drive optimised recommendations or automated decision-making to achieve positive customer, team and financial outcomes.,
,About the role:,
,As a Data Scientist at Coles you will conduct rigorous evaluation of models before coming into the defence process, anticipate questions and over deliver on evaluation.,
,We are rigorous and trusted for quality, design and build clever solutions, challenge the status quo to achieve the best outcome for Coles, independent and have the skills to explain models, methods and results to gain acceptance. You will also be displaying the following characteristics:,
,
,research new Advanced Analytics opportunities in areas of prediction, regression, machine learning, text mining etc to identify new opportunities for future solutions,
,serve as a trusted advisor by cultivating relationships with stakeholders and across various Leadership teams to improve their understanding and knowledge of data science techniques,
,deliver a seamless and proactive service to stakeholders articulating customer opportunity, commercial benefit, analytical findings and data recommendations.  Showcase, benchmark and quantify the value and outcomes of analytics based decision making,
,
,About you,:,
,
,analytics professional with a proven track record (4+ years) in advanced analytics / data science /  measurement science and/or Econometrics,
,Bachelor or Master’s degree in Computer Science, Artificial Intelligence, Machine Learning, Econometrics, Applied Statistics, Physics, Engineering or related field,
,key analytical techniques, e.g. regression, clustering, decision trees, machine learning, text mining etc.,
,analytical applications - R, Python, Scala, Hive, Spark, SQL, Excel & productivity applications - Git, Jira, Confluence,
,driven to problem solve and use technology as an enabler,
,a team player who enjoys working in a collaborative environment,
,confidently presents messages in a clear, concise and articulate manner,
,
,Culture ,
,At Coles, we push boundaries everyday by looking ahead, reinforcing a positive experience for those who become a part of our family. We believe in igniting that energy by having you become part of a more purposeful work life. We are a dynamic, fast paced and a collaborative organisation. With Coles, we support you in bringing your best self today and every other day. So, how will you bring good things at Coles?,
,https://www.coles.com.au/corporate-responsibility,
,Benefits:,
,As a Team Member of Coles you will receive:,
,
,team member store discount and exclusive offers,
,flexible working arrangements to support you and your life outside of work,
,sample new products and flavours before they hit the shelves,
,sccess to a fitness centre and body therapy clinic,
,competitive base and super package,
,a fun and inclusive culture where customer, community and team are at the heart of what we do,
,
,Please Note ,
,We prefer to deal with you directly and have not engaged an agency for this role, so if you’re interested, please apply. ,
,At Coles, we aim to ensure our team represents the community we serve, embracing the richness of Australia's diverse population."
Marketing Data Scientist,Slade Group,20 Dec 2018,Full Time,"Our client is a renowned educational institution known on a national level. The organisation offers an opportunity for employees to challenge themselves, build their careers and make a significant difference.,The opportunity,The Marketing Data Scientist is a highly cross-functional role within the Strategic Marketing and Communications Division dedicated to ensuring value is delivered to the organisation through understanding our return on marketing investment. This position requires a marketing, data, statistical, analytical and programming guru that puts measurement at the forefront of everything they do., , A typical day could see you, ,	,Providing strategic support and advice to senior management,	,Managing and coordinating a range of business strategy and analytical services to inform business decision-making,	,Monitor performance, support business improvement, planning and new initiatives in accordance with university policies, procedures and strategic priorities,	,Partnering with senior leaders to deliver and analyse results,	,Undertaking research, consultation, reviews, modelling, forecasting, business case development, quantitative and qualitative analysis and bench marking to provide advice and support to business decision-making,	,Developing specialised reports, correspondence, recommendations, presentations and advice on highly complex issues for a variety of audiences, including senior management,	,Mining and analysing data from multiple sources to drive optimisation and improvement of marketing techniques and business strategies more broadly,What we're looking for,	,Someone with substantial business analysis experience including contributing to strategic developments or initiatives in the provision of research, qualitative and quantitative data analysis,	,Highly developed planning and organisational skills, with experience establishing priorities, allocating resources and meeting deadlines,	,A person with high level knowledge of quantitative and qualitative research design and statistical analysis techniques,	,Expertise in research, correlation and regression analysis along with experience in the development and application of analytical business tools ,	,Someone with excellent relationship management and consulting skills including the ability to engage with, influence and negotiate with a variety of stakeholders ,	,A person with knowledge of a variety of machine learning techniques (clustering, decision tree learning, artificial neural networks, etc.) and their real-world advantages/drawbacks, ,What qualifications will you need?,	,A post graduate degree or significant, relevant experience  ,What do we offer?,	,Flexible work arrangements,	,Career growth,	,Collaborative team environment,	,Inclusive workplace,	,Excellent well being program  ,Who should apply?,If you are a marketing and data guru that puts measurement at the forefront of everything they do, setting a high bar by ensuring every marketing activity delivers the best outcomes for then we would love to hear from you.,For a confidential discussion, please call Nora Farhane at Slade Executive on ,(03) 9285 5120, "
Data Scientist/ R Developer,Bluefin Resources Pty Limited,21 Dec 2018,Full Time,"OVERVIEW,Big Four Banking Client has a requirement for an R Developer to act as a Data Scientist/ BI Developer. The purpose of this role to help develop and deliver an interactive solution for Credit Model monitoring and Model validations. This work has already commenced and another resource is required to deliver it.,This position is based in Melbourne and is a twelve month fixed term. The ideal start date is early to mid-January.,TECHNICAL REQUIREMENTS,The main requirement of this role is a knowledge of R/ Rshiny. The successful candidate needs to be fluent with Rshiny apps and be able to build dashboards autonomously. To determine this a technical exam will be administered as part of the interview process. The test will go for approx. 1 hour and will be unaided (no phones/ no laptops).,R/ Rshiny,Dashboard Development in R,Front End Development (HTML, Javascript, CSS, etc…) is not essential but is highly regarded,Experience with relational data models and database design? Understanding SQL is highly desirable,Experience with *nix environments,OTHER SKILLS,The ability to tell a story through dashboards is essential. You will work collaboratively with staff members across the model validation teams and credit performance modelling teams, taking direction from the nominated product owner. A strong understanding of Credit risk is highly desirable.,IS THIS ROLE FOR YOU?,Do you have the ability to implement models and trolls through the use of R?,Can you tell a story with data through building visualization tools?,Do you understand SQL?,Do you have experience working across different teams? Are you collaborative?,IMPORTANT: By submitting your email address and any other personal information when you APPLY to a job, you consent to such information being collected, held, used and disclosed in accordance with our COLLECTIONS NOTICE and PRIVACY POLICY.,http://www.bluefinresources.com.au/privacy-policy"
Data Scientist,GMT People,31 Dec 2018,Contract/Temp,"Our client in, Canberra CBD location, is a government department currently seeking an innovative ,Data Scientist, to use cutting-edge technologies to provide actionable insights, innovative strategies and tailored solutions for the department's business areas. ,,What your day will look like:,,,Develop the department's first text mining prototype.,,Develop the foundation infrastructure needed to enable future data science projects,,Develop machine learning models for the analysis of structured and unstructured data.,,Provide advice on the tools and infrastructure require to establish and maintain a data science lab at the department.,,,What you will need for success:,,,3+ years’ experience developing data science solutions with demonstrated achievements and knowledge of machine-learning and natural language processing.,,Bachelors degree in quantitative field (e.g. physics, engineering, computer science, etc),,Advanced skills in R of Python including expert level understanding of relevant ML packages and libraries,,,Desirable,,,5+ years experience developing data science solutions with demonstrated experience with various machine learning algorithms and workflows.,,Masters or PhD in a field relevant to machine learning (mathematics, bioinformatics, computational linguistics etc).,,,Candidates must be Australian citizens to apply, and have a Baseline Security Clearance in process prior to commencement."
Lead Data Scientist,Deloitte,14 Dec 2018,Full Time,"Deloitte is the world’s largest professional service firm, with one of the largest and most experienced Analytics & Artificial Intelligence practices We have 400+ specialised consultants in Australia and more than 6,000 practitioners in the Deloitte global network., ,With the ever increasing complexity and volume of data, the rise of in-memory, high performance computing, data discovery and visualisation solutions and the convergence of Big Data and Advanced Analytics, organisations are faced with increasing number of choices to ensure they are able to exploit their data assets for maximum advantage. Deloitte is able to draw from its vast global experience delivering advanced analytics solutions for our clients across the full spectrum of technology and business domains to provide the right strategic advice to help an organisation respond effectively to these changes - as well as partner with our clients to execute on our recommendations., ,About the Role,Due to an increasing growth in appetite for analytical insights, across industries and both large and small clients, we at Deloitte Australia, are seeking experienced analytics leaders to harness emerging technologies & analytics methodologies & help our clients make sense of their data., ,As a Lead Data Scientist, you will play the role of a domain expert in data science and analytics transformation, working with senior client stakeholders and able to provide strategy and transformation consultancy to clients across diverse industries and domains., ,You will be responsible for:,Play an evangelist role on how to leverage data science for our clients by using cutting edge data science applications across industries.,Develop solutions that provide our Marketing, Sales, Product Management, Customer Operations, and Executive team with insights to make critical decisions.,Develop world class models (hands-on coding) and put in place a framework of automation for productionisation, accuracy and precision testing and version control management.,Guide the team, systems, and practices that enables the organization to leverage cutting edge data mining and machine learning technique,Develop a capability to turn high-throughput, real-time data into rapidly actionable insights, , ,About You, ,You will have:,Solid experience in advanced analytics and solutions delivery,Consulting & client management experience.,Must have managed mid to large analytics teams.,Experience of working within a structured project delivery environment, perhaps where AGILE techniques are used.,Experience with data science techniques and technologies, with advanced SQL, Python, Hadoop, Spark skills,Proven experience with scripting data visualisations with data visualisations tool such as Tableau, Qlik, Power BI etc.,Experience of cloud solutions (AWS, Cloudera, Google Analytics/Similar Solutions) which support the transformation of business services provided will be preferred.,Tertiary qualification in a technical or quantitative discipline., ,About Us: Deloitte Culture, Join a high performing culture of talented people, who are highly motivated and passionate about delivering impactful analytics solutions and insight. We are innovative and different because YOU are… we pride ourselves on our team of diverse, high performing Deloitte Professionals who are talented, supportive, inclusive and social - and who are at the heart of our success. Our aim is to ensure that all our people feel comfortable to bring their whole selves to work, and as a result, build a workplace that encourages the true spirit of 'And different'., , From day one at our firm you’ll be considered part of the Deloitte community and our development and career progression framework will help you develop the skills and capabilities that will set you up to succeed - in every sense of the word. At Deloitte, we assume that you perform other roles within your life…you could be a student, a teacher, a passionate hobbyist and a caring family member. We recognise the importance of balance and embrace agility, understanding that this means different things to each and every one of our employees., , If you have questions regarding this role, the Talent Acquisition Team is available to have a confidential discussion. Please contact Aditi Aggarwal via the Our Recruiters section on our careers website."
Data Scientist,Paul Ingle & Associates,31 Dec 2018,Contract/Temp," ,Grow your Data Scientist career and join one of our major Australian enterprise clients requiring your valued deep- data knowledge and expertise. Design new data solutions and forecasting models that generate refined data outcomes offering the best business clarity and enabling fast and accurate business decisions., ,Collaboration is a vital personal tool for this role and as a Data Scientist you will work with the technical development, data engineering teams to understand data stores and be fully cognisant of business requirements and needs to build of end-to-end data pipe-lines to deliver immediate business decisioning capability. Ultimately your objective will be to deliver AI and ML capability. , , , ,Key Requirements , , ,3+ years of Data Science- Analytics experience, ,Computer Science degree preferably in a, ,Ability to manipulate, analyse, interpret large data sources, ,Design and development of automated forecasting systems, ,Proven experience with statistical software packages including Python, ,Proven expertise with big data technologies and maintaining database management standards, ,A critical thinker that is able to deliver strong data solutions, ,Consultative manner with excellent verbal and written communications, ,  ,Highly regarded: Postgraduate, PhD, Masters of Applied Information Technology preferred"
Data Scientist - Melbourne,EY,20 Dec 2018,Full Time,"About us,EY DnA is the data and advanced analytics capability within EY Asia-Pacific working in multiple sectors including financial services, government & public sector, energy, mining & metals, and consumer products. We have more than 400 specialist staff in Australia, New Zealand, Singapore, Hong Kong, Korea, The Philippines and Malaysia.,  ,EY DnA is looking for Data Scientist who enjoy a challenge and are keen to work in a professional and collaborative environment., ,About the role, ,Our Advanced Analytics practice in Melbourne is looking for a talented, inquisitive and proactive Data Scientist to join our team.  ,You will be joining a growing team of data scientists and analytics experts working on some of the most exciting projects in the country.  We don't just talk about big data and analytics, we bring it to life for our clients. , ,The advanced analytics practice works on the design, development and delivery of the most innovative solutions for our clients. You will be using various machine learning techniques such as Linear Regression, Random Forests, Neural Networks etc. to analyse multiple sources of structured, semi-structured and unstructured data. , ,Ideally you will have a background in Maths and/or Statistics, a good flare to present complex algorithms and concepts in a simple format and an understanding of the commercial value, the data provides the client. ,  ,About You,You will demonstrate previous experience in: ,Applying computer-aided statistical modelling to solve business problems, ,Machine learning, data mining and information retrieval., ,Extracting information from a wide variety of sources including quantitative, qualitative and big data sources, ,At least one of the following modelling software packages: MATLAB, R, SAS, SPSS., ,At least one of the following scripting languages: C++, Java, Python., ,Data visualisation using Tableau / Qlikview / D3.js  , ,Demonstrating your ability to adapt quickly and manage an environment of rapid change and development, and lead others through this process, ,Tertiary qualifications (a Masters or PhD degree) in a quantitative discipline, such as Statistics, Econometrics, Applied Mathematics, Engineering, Applied Science., or equivalent highly desired., , ,What We Will Provide You:, We strive to recruit the best people. This means you will be surrounded by highly skilled and passionate individuals wherever you go at EY.,  , When you join our team, you open the door to a stimulating international career. It is rewarding to be part of an organisation that is at the forefront of analytics. You will get a chance to work on and support sophisticated and market-leading products. We are a global organisation with a promising future and lots of opportunities for you to evolve and grow. A culture where respect, integrity and teaming define the way we work together. You'll also find support for your continuous growth and success.,  , For a career move that expands your horizons, apply today and join a firm that is committed to building an inclusive culture that supports a diverse workforce, helping you to gain experiences that will set you up for a lifetime.,  ,APPLY NOW!, Across every part of EY, we dig deeper in pursuit of better working. Does better begin with you? Click apply online to find out.,  , The preferred applicant will be subject to employment screening by Ernst & Young or by their external third party provider.,  , © 2015 Ernst & Young Australia. All Rights Reserved., ,Regarding this role, the minimum salary is $70,000 p.a. including 9.5% superannuation. ,

"
Data Scientist - Contract - Melbourne,Sirius Technology Melbourne part of Sirius People Pty Ltd,20 Dec 2018,Contract/Temp,"Do you have a strong statistical background and the ability to think through problems independently and love talking to people?, , , , My client is seeking a personable data savvy professional to engage with the business and deliver on requirements gathered by providing meaningful business insights from the data analysed. You will need to draw on your problem solving ability and technical skills on a fraud detection project., , , , ,What’s in it for you?, , , ,Full time 3 month contract,January 2019 Start,CBD location accessible by public transport,Innovative culture,Your main duties and Responsibilities:, , , ,Creating predictive models on large amounts of data,Analysing complex data sets to determine patterns, predictions and developing reports for internal stakeholders,Detect fraud from large data sets, segmentation automation,Programing in R or Python and exploring data using SQL and SPSS,Collaborate and lead internal and external stakeholders for the development and delivery of the organisations Data Solutions,Engage with internal and external stakeholders to ensure buy in and requirements are met.,Proven understanding of data mining, cleansing and evaluation, , , , ,To be successful in this role you must have:, , , ,Tertiary qualification in IT OR Mathematics or Statistics (Honours of Masters Level is ideal). Can also be close to completion.,Demonstrated understanding and proven experience on SQL, R and Python. An added bonus if you have experience on SPSS or SAS,Understanding of Tableau or other data visualisation tools (PowerBI, SSRS),Independent thinker, solution focused and ability to learn quickly,Excellent communication skills and self-starter,You will need to have proven experience with stakeholder engagement. If you fit the above description and have full Australian working rights (possibility of extension) APPLY NOW and once you have applied call Donna Bowen on ,03 9020 1994,., , , , We look forward to your application., , , "
